car_id,feature_1,feature_2,feature_3,feature_4,feature_5
G-1056464Y,5,96.0,0.29927884615384615,1,125833.82815312842
M15952724y,4,151.0,0.0546448087431694,0,26887.711194208365
M50269450O,8,115.59794451081004,0.24145077720207253,0,136560.95241701452
Z16920973J,4,94.16730600302488,0.2168525402726146,0,65036.15494758119
q-1127410X,3,137.91445619193863,0.11042944785276074,0,90794.73731356612
z-2033330g,4,120.15316605304533,0.01182033096926714,0,460.2716903605613
z48466812V,4,139.0,0.08586387434554972,0,16101.650674697921
